"","title","hit","url_val"
"1","누가 준연동형 비례대표제를 진흙탕으로 만들었나","597.9 k","https://www.clien.net/service/board/park/14740155?od=T31&po=0&category=&groupCd=community"
"2","커플들은 마스크 끼고도 키스 하네요.","13","https://www.clien.net/service/board/park/14740152?od=T31&po=0&category=&groupCd=community"
"3","이 밈들을 아시는 분 있나요?ㅋㅋ","151","https://www.clien.net/service/board/park/14740151?od=T31&po=0&category=&groupCd=community"
"4","GM 시애틀 Ventec Life Systems와 협력 인공호흡기 양산 준비중","92","https://www.clien.net/service/board/park/14740150?od=T31&po=0&category=&groupCd=community"
"5","제가 텔레그램 쓰는 이유","69","https://www.clien.net/service/board/park/14740149?od=T31&po=0&category=&groupCd=community"
"6","도로 착시현상.gif","194","https://www.clien.net/service/board/park/14740147?od=T31&po=0&category=&groupCd=community"
"7","(구)자한당 몇석 예상하세요?","894","https://www.clien.net/service/board/park/14740146?od=T31&po=0&category=&groupCd=community"
"8","이번 싸강 학기는 열심히하면 꿀일듯 하네요.","255","https://www.clien.net/service/board/park/14740145?od=T31&po=0&category=&groupCd=community"
"9","노무현 대통령께서 최고로 좋아한 드라마","187","https://www.clien.net/service/board/park/14740144?od=T31&po=0&category=&groupCd=community"
"10","둠 이터널 그래픽카드 벤치","733","https://www.clien.net/service/board/park/14740143?od=T31&po=0&category=&groupCd=community"
"11","잇따르는 외신 극찬 '韓 진단검사 규모·속도..코로나 대처 모범'","323","https://www.clien.net/service/board/park/14740142?od=T31&po=0&category=&groupCd=community"
"12","정세균 '종교·체육·유흥시설 15일간 운영 중단' 강력 권고","552","https://www.clien.net/service/board/park/14740141?od=T31&po=0&category=&groupCd=community"
"13","코로나로 많은 공무원들이 고생하고 있습니다.","265","https://www.clien.net/service/board/park/14740140?od=T31&po=0&category=&groupCd=community"
"14","[단독] 마침내 드러난 '일베' 실체, '거대 카르텔'이었다","94","https://www.clien.net/service/board/park/14740139?od=T31&po=0&category=&groupCd=community"
"15","텔레그램을 쓰는 이유는..","1548","https://www.clien.net/service/board/park/14740138?od=T31&po=0&category=&groupCd=community"
"16","외신이 주목한 한국 국민의 힘!","335","https://www.clien.net/service/board/park/14740137?od=T31&po=0&category=&groupCd=community"
"17","블로그 광고대행 문자 진짜 많이 오네요..","743","https://www.clien.net/service/board/park/14740136?od=T31&po=0&category=&groupCd=community"
"18","황교안 '미래한국당 공천 갈등, 문재인 정권 때문'","88","https://www.clien.net/service/board/park/14740135?od=T31&po=0&category=&groupCd=community"
"19","지금 KBS1에서 고양이가 왕창 나와요","548","https://www.clien.net/service/board/park/14740134?od=T31&po=0&category=&groupCd=community"
"20","결혼식을 갔다왔는데..","245","https://www.clien.net/service/board/park/14740131?od=T31&po=0&category=&groupCd=community"
"21","가게 문을 닫아야하는건 아닌지... 걱정이네요...","333","https://www.clien.net/service/board/park/14740128?od=T31&po=0&category=&groupCd=community"
"22","제 귀에 버즈플러스가 안 맞나봐요","496","https://www.clien.net/service/board/park/14740127?od=T31&po=0&category=&groupCd=community"
"23","코로나와 재외선거","191","https://www.clien.net/service/board/park/14740126?od=T31&po=0&category=&groupCd=community"
"24","나혼자 산다에 펜싱선수 김지연씨가 나왔네요...","403","https://www.clien.net/service/board/park/14740125?od=T31&po=0&category=&groupCd=community"
"25","베바 홈팟 포장이 뜯어져서 왔네요.","657","https://www.clien.net/service/board/park/14740123?od=T31&po=0&category=&groupCd=community"
"26","전국민이 마스크 쓰는건 정말 사상최초죠?","212","https://www.clien.net/service/board/park/14740122?od=T31&po=0&category=&groupCd=community"
"27","고전게임인데 페르시아왕자 비슷한..","595","https://www.clien.net/service/board/kin/14740121?od=T31&po=0&category=&groupCd=community"
"28","UV액 강화유리 떼는 데 엄청 애먹었네요 ㄷㄷ","46","https://www.clien.net/service/board/park/14740120?od=T31&po=0&category=&groupCd=community"
"29","한강 둔치에 사람들이 바글바글 하네요...","482","https://www.clien.net/service/board/park/14740119?od=T31&po=0&category=&groupCd=community"
"30","얼굴짱큰 마포구 지하철역 청소부 아재","948","https://www.clien.net/service/board/park/14740118?od=T31&po=0&category=&groupCd=community"
"31","누가 준연동형 비례대표제를 진흙탕으로 만들었나","573","https://www.clien.net/service/board/park/14740155?od=T31&po=0&category=&groupCd=community"
